CancerType,Metric,Value,Unit,CohortPeriod,RegistryScope,Source,SourceURL
Breast,New cases (2022),192020,"count, GLOBOCAN 2022",2022,National (India),GLOBOCAN 2022 / IARC,https://gco.iarc.who.int
Breast,Share of all cancers (2022),0.136,fraction of all new cancer cases,2022,National (India),GLOBOCAN 2022 / IARC,https://gco.iarc.who.int
Breast,5-year age-standardised relative survival,0.664,fraction,"2012-2015 diagnosis, followed to Jun 2021",11 PBCRs (NCRP),"Sathishkumar et al., Cancer, 2024 (ICMR-NCDIR)",https://acsjournals.onlinelibrary.wiley.com/doi/10.1002/cncr.35188
Breast,5-year survival — regional range (low),0.419,"fraction (Pasighat, Arunachal Pradesh)",2012-2015,11 PBCRs (NCRP),"Sathishkumar et al., Cancer, 2024 (ICMR-NCDIR)",https://acsjournals.onlinelibrary.wiley.com/doi/10.1002/cncr.35188
Breast,5-year survival — regional range (high),0.749,fraction (Mizoram),2012-2015,11 PBCRs (NCRP),"Sathishkumar et al., Cancer, 2024 (ICMR-NCDIR)",https://acsjournals.onlinelibrary.wiley.com/doi/10.1002/cncr.35188
Breast,Locally advanced at diagnosis,0.57,fraction of diagnosed cases,2020 report year,NCRP national,"Mathur et al., JCO Global Oncology, 2020",https://ascopubs.org/doi/10.1200/GO.20.00122
Breast,Lifetime risk (urban),0.0455,fraction (1 in 22),cross-sectional,National (India),ICMR-NICPR statistics page,https://cancerindia.org.in/statistics/
Breast,Progression-free survival (population level),Not systematically published,—,—,—,Data gap — see README,—
Lung,New cases (2022),81748,"count, GLOBOCAN 2022",2022,National (India),GLOBOCAN 2022 / IARC,https://gco.iarc.who.int
Lung,Share of all cancers (2022),0.058,fraction of all new cancer cases,2022,National (India),GLOBOCAN 2022 / IARC,https://gco.iarc.who.int
Lung,5-year survival — developing-country mean (incl. India),0.15,"fraction, approx.",recent PBCR trend studies,NCRP / multi-country comparison,"Mathur et al., Indian J Med Res, clinicoepidemiological profile",https://ijmr.org.in/a-clinicoepidemiological-profile-of-lung-cancers-in-india-results-from-the-national-cancer-registry-programme/
Lung,5-year survival — localized disease,0.6,"fraction, approx.",stage-stratified,Multi-source clinical literature,"Compiled clinical survival literature (site: Dr. Arvind Kumar, cross-checked against NCRP stage patterns)",https://drarvindkumar.com/blog/lung-cancer-survival-rate.php
Lung,5-year survival — advanced/distant disease,0.05-0.15,fraction range,stage-stratified,Multi-source clinical literature,Compiled clinical survival literature,https://pmc.ncbi.nlm.nih.gov/articles/PMC5763630/
Lung,Distant metastasis at diagnosis (male),0.44,fraction of diagnosed cases,2020 report year,NCRP national,"Mathur et al., JCO Global Oncology, 2020",https://ascopubs.org/doi/10.1200/GO.20.00122
Lung,Distant metastasis at diagnosis (female),0.476,fraction of diagnosed cases,2020 report year,NCRP national,"Mathur et al., JCO Global Oncology, 2020",https://ascopubs.org/doi/10.1200/GO.20.00122
Lung,Share of all cancer deaths in India,0.081,fraction,recent NCRP-based estimate,National (India),Kerala multi-centre lung cancer survival study,https://pmc.ncbi.nlm.nih.gov/articles/PMC12470342/
Lung,Progression-free survival (population level),Not systematically published,—,—,—,Data gap — see README,—
Cervical,New cases (2022),127526,"count, GLOBOCAN 2022",2022,National (India),GLOBOCAN 2022 / IARC,https://gco.iarc.who.int
Cervical,Share of all cancers (2022),0.09,fraction of all new cancer cases,2022,National (India),GLOBOCAN 2022 / IARC,https://gco.iarc.who.int
Cervical,"5-year overall survival, age <50",0.543,fraction,2012-2015 diagnosis,11 PBCRs (NCRP),"Survival of patients with cervical cancer in India, NCRP study, 2023",https://www.thelancet.com/journals/lansea/article/PIIS2772-3682(23)00156-7/fulltext
Cervical,"5-year overall survival, age >=50",0.439,fraction,2012-2015 diagnosis,11 PBCRs (NCRP),"Survival of patients with cervical cancer in India, NCRP study, 2023",https://www.thelancet.com/journals/lansea/article/PIIS2772-3682(23)00156-7/fulltext
Cervical,Locoregional extent at diagnosis,0.622,fraction of diagnosed cases,HPV-cancer cohort,NCRP national,"Epidemiology of HPV related cancers in India, NCRP",https://www.ncbi.nlm.nih.gov/pmc/articles/PMC9666279/
Cervical,HPV 16/18 attributable share,0.8,fraction of cervical cancers,cross-sectional,National (India),"Epidemiology of HPV related cancers in India, NCRP",https://www.ncbi.nlm.nih.gov/pmc/articles/PMC9666279/
Cervical,Progression-free survival (population level),Not systematically published,—,—,—,Data gap — see README,—
Oral cavity,New cases (2022),143759,"count, GLOBOCAN 2022",2022,National (India),GLOBOCAN 2022 / IARC,https://gco.iarc.who.int
Oral cavity,Share of all cancers (2022),0.102,fraction of all new cancer cases,2022,National (India),GLOBOCAN 2022 / IARC,https://gco.iarc.who.int
Oral cavity,"5-year survival, overall",0.372,fraction,"2012-2015 diagnosis, n=14,059",10 PBCRs (NCRP),"Geographic Disparities in Oral Cancer Survival, JAMA Netw / NCRP, 2024",https://pmc.ncbi.nlm.nih.gov/articles/PMC11979727/
Oral cavity,"3-year net survival range (SURVCAN-3, 4 PBCRs)",0.362-0.609,fraction range,SURVCAN-3 cohort,4 PBCRs (subset),"SURVCAN-3, cited in Geographic Disparities study",https://pmc.ncbi.nlm.nih.gov/articles/PMC11979727/
Oral cavity,Locally advanced at diagnosis (head & neck),0.666,fraction of diagnosed cases,2020 report year,NCRP national,"Mathur et al., JCO Global Oncology, 2020",https://ascopubs.org/doi/10.1200/GO.20.00122
Oral cavity,Share of global oral-cavity cancer deaths contributed by India,0.329,"fraction, 2019",2019,Global comparison,"Lancet Regional Health Southeast Asia, cited in Down To Earth",https://www.downtoearth.org.in/health/india-reported-1-41-million-new-cancer-cases-in-2022-breast-cancer-ranks-highest-94241
Oral cavity,Progression-free survival (population level),Not systematically published,—,—,—,Data gap — see README,—
All sites,India share of global cancer deaths (2022),0.103,fraction,2022,National (India),"Unveiling the cancer epidemic in India, GLOBOCAN 2022 analysis",https://www.thelancet.com/journals/lansea/article/PIIS2772-3682(25)00017-4/fulltext
All sites,Cancers diagnosed at advanced stage,0.7,"fraction, approx.",implementation research baseline,National (India),"Enhancing screening, early diagnosis..., BMJ Open/PMC, 2025",https://pmc.ncbi.nlm.nih.gov/articles/PMC13289075/
