"Estimated Cancer Incidence by Site & Sex — India, 2022",,,,,,,,,,,,
"Source: ICMR-NCDIR NCRP (Sathishkumar et al., IJMR 2025). CR = Crude Rate per 100,000; AAR = Age-Adjusted Rate per 100,000; Cum-risk = lifetime cumulative risk (0-74 yr), expressed as 1 in N.",,,,,,,,,,,,
,,,,,,,,,,,,
Cancer Site,Male Cases,Male CR,Male AAR,Male Cum-risk (1 in N),Female Cases,Female CR,Female AAR,Female Cum-risk (1 in N),Both Sexes Cases,Both CR,Both AAR,Both Cum-risk (1 in N)
All sites,712176,95.6,105.7,9,749251,105.4,109,9,1461427,100.4,107,9
Oral cavity and pharynx,145844,19.6,21.2,42,52594,7.4,7.7,115,198438,13.6,14.4,62
Tongue,41845,5.6,6,147,14611,2.1,2.1,400,56456,3.9,4.1,215
Mouth,60164,8.1,8.6,103,23675,3.3,3.5,241,83839,5.8,6.1,144
Pharynx,3177,0.4,0.5,1793,1168,0.2,0.2,5482,4345,0.3,0.3,2704
Other oral cavity,40658,5.5,6.1,137,13140,1.8,1.9,475,53798,3.7,4,213
Digestive system,172025,23.1,25.9,32,116029,16.3,17,50,288054,19.8,21.4,39
Oesophagus,34272,4.6,5.2,159,21300,3,3.1,263,55572,3.8,4.2,198
Stomach,34353,4.6,5.2,160,18353,2.6,2.7,319,52706,3.6,3.9,213
Small intestine,2255,0.3,0.3,2498,1533,0.2,0.2,3877,3788,0.3,0.3,3041
Colon,21595,2.9,3.2,260,16512,2.3,2.4,348,38107,2.6,2.8,298
Rectum,22985,3.1,3.4,244,15767,2.2,2.3,372,38752,2.7,2.8,295
"Anus, anal canal",3037,0.4,0.4,1865,2131,0.3,0.3,2682,5168,0.4,0.4,2200
Liver and intrahepatic bile duct,28020,3.8,4.3,189,11306,1.6,1.7,514,39326,2.7,3,276
Gallbladder and other biliary,12997,1.7,1.9,423,20570,2.9,3,283,33567,2.3,2.5,339
Pancreas,12511,1.7,1.9,429,8557,1.2,1.3,656,21068,1.4,1.6,519
Respiratory system,108848,14.6,16.2,48,34214,4.8,4.8,165,143062,9.8,10.4,74
Larynx,28542,3.8,4.3,184,3498,0.5,0.5,1629,32040,2.2,2.4,331
Lung and bronchus,75474,10.1,11.6,67,27897,3.9,4.1,209,103371,7.1,7.8,101
Other respiratory organs,4832,0.6,0.3,1274,2819,0.4,0.2,2149,7651,0.5,0.2,1602
Bones and joints,8426,1.1,1.1,1011,6087,0.9,0.8,1365,14513,1,1,1160
Soft tissue,8380,1.1,1.2,844,6895,1,1,1050,15275,1,1.1,936
Skin (excl. basal/squamous),11745,1.6,1.7,510,9412,1.3,1.4,641,21157,1.5,1.5,569
Melanoma of the skin,3145,0.4,0.5,1909,2479,0.3,0.4,2288,5624,0.4,0.4,2081
Other non-epithelial skin,8600,1.2,1.3,696,6933,1,1,891,15533,1.1,1.1,782
Breast,5649,0.8,0.8,1021,216108,30.4,31.2,29,221757,15.2,16,56
Genital system,54625,7.3,8.4,105,163694,23,23.9,37,218319,15,16,53
Uterine cervix,,,,,79103,11.1,11.6,75,79103,11.1,11.6,75
Uterine corpus,,,,,27922,3.9,4.2,190,27922,3.9,4.2,190
Ovary,,,,,46126,6.5,6.7,133,46126,6.5,6.7,133
Vulva,,,,,2258,0.3,0.3,2454,2258,0.3,0.3,2454
"Vagina and other genital, female",,,,,7961,1.1,1.2,747,7961,1.1,1.2,747
Placenta,,,,,324,0,0,31252,324,0,0,31252
Prostate,43691,5.9,6.8,125,,,,,43691,5.9,6.8,125
Testis,4521,0.6,0.6,2092,,,,,4521,0.6,0.6,2092
"Penis and other genital, male",6413,0.8,1,917,,,,,6413,0.8,1,917
Urinary system,34942,4.7,5.3,158,11861,1.7,1.8,500,46803,3.2,3.5,240
Urinary bladder,21523,2.9,3.3,250,5713,0.8,0.8,1011,27236,1.9,2,402
Kidney and renal pelvis,12963,1.7,2,442,5930,0.8,0.9,1036,18893,1.3,1.4,619
Ureter and other urinary organs,456,0.1,0.1,10755,218,0,0,21739,674,0,0.1,14422
Eye and orbit,1326,0.2,0.2,6887,977,0.1,0.2,9049,2303,0.2,0.2,7799
Brain and other nervous system,20811,2.8,2.9,341,13296,1.9,1.9,546,34107,2.3,2.4,419
Endocrine system,9682,1.3,1.4,708,27847,3.9,3.8,280,37529,2.6,2.5,402
Thyroid,8967,1.2,1.2,758,27253,3.8,3.7,285,36220,2.5,2.4,416
Adrenal gland,715,0.1,0.1,10776,594,0.1,0.1,13920,1309,0.1,0.1,12146
Lymphoma,34116,4.6,4.9,197,21233,3,3.1,296,55349,3.8,4,236
Hodgkin lymphoma,7561,1,1,1150,4113,0.6,0.6,1866,11674,0.8,0.8,1416
Non-Hodgkin lymphoma,26497,3.6,3.8,238,17070,2.4,2.5,352,43567,3,3.2,284
Malignant immunoproliferative disease,58,0,0,103646,50,0,0,163299,108,0,0,127221
Multiple myeloma,11261,1.5,1.7,465,8165,1.1,1.2,646,19426,1.3,1.5,541
Leukaemia,33604,4.5,4.8,239,21969,3.1,3.2,352,55573,3.8,4,284
Lymphoid leukaemia,14546,2,2.1,609,7638,1.1,1.2,1137,22184,1.5,1.7,790
Myeloid leukaemia,15531,2.1,2.2,474,11788,1.7,1.7,616,27319,1.9,1.9,536
Leukaemia unspecified,3527,0.5,0.5,2292,2543,0.4,0.4,2974,6070,0.4,0.4,2585
Other and unspecified primary sites,50892,6.8,7.6,114,38870,5.5,5.7,153,89762,6.2,6.6,131
