"Estimated Trend in Cases for Leading Cancer Sites — India, 2015 / 2020 / 2025",,,,,
"Source: ICMR-NCDIR NCRP (Sathishkumar et al., IJMR 2025). 2025 figures are projections.",,,,,
,,,,,
Sex,Cancer Site (ICD-10),2015 Cases,2020 Cases,2025 Cases (Projected),% Change 2015→2025
Male,Lung (C33-34),63087,71788,81219,0.287412620666698
Male,Mouth (C03-C06),50779,57380,64519,0.270584296658067
Male,Prostate (C61),36419,41532,47068,0.292402317471649
Male,Tongue (C01-C02),35336,39902,44861,0.269555127914874
Male,Stomach (C16),28815,32713,36938,0.281901787263578
Male,Others,387301,436106,488970,0.262506422653182
Male,ALL SITES TOTAL,601737,679421,763575,0.268951385738288
Female,Breast (C50),180252,205424,232832,0.291702727292901
Female,Cervix (C53),65978,75209,85241,0.291960956682531
Female,Ovary (C56),38607,43886,49644,0.285880798818867
Female,Corpus uteri (C54),23175,26514,30121,0.299719525350593
Female,Lung (C33-34),23163,26490,30109,0.29987480032811
Female,Others,296027,335235,378271,0.277826009114034
Female,ALL SITES TOTAL,627202,712758,806218,0.285420008227015
